<?xml version="1.0" encoding="UTF-8"?>
<beans xmlns="http://www.springframework.org/schema/beans"
	xmlns:context="http://www.springframework.org/schema/context"
	xmlns:xsi="http://www.w3.org/2001/XMLSchema-instance"
	xsi:schemaLocation="
 http://www.springframework.org/schema/beans
 http://www.springframework.org/schema/beans/spring-beans.xsd
 http://www.springframework.org/schema/context
 http://www.springframework.org/schema/context/spring-context.xsd">

	<bean id="addressBean" class="com.capgemini.trg.model.Address">
		<constructor-arg index="0" value="3-4-156" />
		<constructor-arg index="1" value="Kings Street" />
		<constructor-arg index="2" value="Hyderabad" />
		<constructor-arg index="3" value="500021" />
	</bean>
 

	<bean id="personBean" class="com.capgemini.trg.model.Person" autowire="byType" init-method="initialize" destroy-method="cleanUp">
		<property name="adharCardNumber" value="8657896" />
		<property name="name" value="james " />
		 
	</bean>
	<bean id="testBean" class="com.capgemini.trg.model.TestingBean"/>

</beans> 