<?xml version="1.0" encoding="UTF-8"?>
<beans xmlns="http://www.springframework.org/schema/beans"
	xmlns:context="http://www.springframework.org/schema/context"
	xmlns:xsi="http://www.w3.org/2001/XMLSchema-instance"
	xsi:schemaLocation="
 http://www.springframework.org/schema/beans
 http://www.springframework.org/schema/beans/spring-beans.xsd
 http://www.springframework.org/schema/context
 http://www.springframework.org/schema/context/spring-context.xsd">

	<bean id="addressBean1" class="com.capgemini.trg.model.Address">
		<constructor-arg index="0" value="3-4-156" />
		<constructor-arg index="1" value="Kings Street" />
		<constructor-arg index="2" value="Hyderabad" />
		<constructor-arg index="3" value="500021" />
	</bean>

	<bean id="addressBean2" class="com.capgemini.trg.model.Address">
		<property name="houseNumber" value="8-9-896" />
		<property name="street" value="james Street" />
		<property name="city" value="secunderabad" />
		<property name="zipCode" value="989988" />
	</bean>

	<bean id="personBean" class="com.capgemini.trg.model.Person">
		<property name="adharCardNumber" value="8657896" />
		<property name="name" value="james " />
		<property name="residentialAddress" ref="addressBean1" />
		<property name="permanentAddress" ref="addressBean2" />
	</bean>

</beans> 